{
  "description": {
    "title": "BelaBruna - Moda Feminina",
    "text": "Siga nosso instagram @lojabelabruna para dicas e inspirações♡"
  },
  "links_1": {
    "list_pages": true,
    "title": "Páginas",
    "list": []
  },
  "links_2": {
    "list_categories": true,
    "title": "Categorias",
    "list": []
  },
  "contacts": {
    "title": "Contatos",
    "phone_wpp": true,
    "socials": true,
    "email": true,
    "address": true
  },
  "stamps": [
    {
      "src": "/img/uploads/ssl-safe.png",
      "alt": "Secure connection"
    }
  ],
  "payment_methods": {
    "bb": false,
    "visa": true,
    "boleto": true,
    "aura": false,
    "banrisul": false,
    "elo": true,
    "hipercard": true,
    "hsbc": false,
    "bradesco": false,
    "santander": false,
    "mastercard": true,
    "citibank": false,
    "hiper": false,
    "mais": false,
    "amex": true,
    "itau": false
  },
  "credits": "\"O Senhor o protegerá de todo o mal, protegerá a sua vida. O Senhor protegerá a sua saída e a sua chegada, desde agora e para sempre\". Salmos 121:7-8 . CNPJ: 23.496.265/0001-28"
}