{
  "sections": [
    {
      "type": "breadcrumbs",
      "enabled": true
    },
    {
      "type": "product-block",
      "enabled": true
    },
    {
      "type": "product-description",
      "enabled": true
    },
    {
      "type": "product-specifications",
      "enabled": true
    },
    {
      "type": "recommended-products",
      "title": "Quem comprou este produto, também comprou:"
    },
    {
      "type": "related-products",
      "title": "Veja também"
    },
    {
      "type": "collection-shelf",
      "shuffle": true,
      "limit": 12,
      "page": 1,
      "collection_id": "610b48a433f3ce442f83682b:categories:Live Provador:/livre-provador-belabruna",
      "sort": "offers",
      "headless": false
    },
    {
      "type": "collection-shelf",
      "shuffle": false,
      "limit": 12,
      "page": 2,
      "collection_id": "610b48a433f3ce442f83682b:categories:Live Provador:/livre-provador-belabruna",
      "sort": "sales",
      "title": "Veja Também"
    }
  ]
}